Workbook

Sheet Dữ liệu nhập
A1: Mã SPMM (*) | B1: Tên SPMM | C1: ĐVT | D1: Mã địa điểm triển khai (*) | E1: Tên địa điểm triển khai | F1: Số lượng (*) | G1: Ghi chú mục đích | H1: Kiểm tra
A2: Mã phải có trong sheet "DM SPMM". Cặp (Mã SPMM + Mã địa điểm) không được lặp lại giữa các dòng. Ví dụ: 0001 | B2: Tự tra theo Mã SPMM. Không nhập. (không import vào hệ thống) | C2: Tự tra theo Mã SPMM. Không nhập. (không import vào hệ thống) | D2: Mã phải có trong sheet "DM Địa điểm triển khai". Cặp (Mã SPMM + Mã địa điểm) không được lặp lại giữa các dòng. Ví dụ: DD001 | E2: Tự tra theo Mã địa điểm. Không nhập. (không import vào hệ thống) | F2: Số nguyên dương. Không nhập chữ, không dấu phân cách nghìn. Ví dụ: 5 | G2: Nhập ghi chú mục đích đề nghị. Không bắt buộc. | H2: Tự soát lỗi. (không import vào hệ thống)
B3: =IF(TRIM($A3)="","",IFERROR(INDEX('DM SPMM'!$B$4:$B$13,MATCH(TRIM($A3),'DM SPMM'!$A$4:$A$13,0)),"Sai mã")) | C3: =IF(TRIM($A3)="","",IFERROR(INDEX('DM SPMM'!$C$4:$C$13,MATCH(TRIM($A3),'DM SPMM'!$A$4:$A$13,0)),"Sai mã")) | E3: =IF(TRIM($D3)="","",IFERROR(INDEX('DM Địa điểm triển khai'!$B$4:$B$14,MATCH(TRIM($D3),'DM Địa điểm triển khai'!$A$4:$A$14,0)),"Sai mã")) | H3: =IF(AND(TRIM($A3)="",TRIM($D3)="",$F3=""),"",IF($B3="Sai mã","Sai mã SPMM",IF($E3="Sai mã","Sai mã địa điểm",IF(OR(TRIM($A3)="",TRIM($D3)=""),"Thiếu mã",IF($F3="","Thiếu số lượng",IF(NOT(ISNUMBER($F3)),"Số lượng không hợp lệ",IF(OR($F3<=0,$F3<>INT($F3)),"Số lượng không hợp lệ",IF(COUNTIFS($A$3:$A$202,TRIM($A3),$D$3:$D$202,TRIM($D3))>1,"Trùng SPMM + địa điểm","OK"))))))))
B4: =IF(TRIM($A4)="","",IFERROR(INDEX('DM SPMM'!$B$4:$B$13,MATCH(TRIM($A4),'DM SPMM'!$A$4:$A$13,0)),"Sai mã")) | C4: =IF(TRIM($A4)="","",IFERROR(INDEX('DM SPMM'!$C$4:$C$13,MATCH(TRIM($A4),'DM SPMM'!$A$4:$A$13,0)),"Sai mã")) | E4: =IF(TRIM($D4)="","",IFERROR(INDEX('DM Địa điểm triển khai'!$B$4:$B$14,MATCH(TRIM($D4),'DM Địa điểm triển khai'!$A$4:$A$14,0)),"Sai mã")) | H4: =IF(AND(TRIM($A4)="",TRIM($D4)="",$F4=""),"",IF($B4="Sai mã","Sai mã SPMM",IF($E4="Sai mã","Sai mã địa điểm",IF(OR(TRIM($A4)="",TRIM($D4)=""),"Thiếu mã",IF($F4="","Thiếu số lượng",IF(NOT(ISNUMBER($F4)),"Số lượng không hợp lệ",IF(OR($F4<=0,$F4<>INT($F4)),"Số lượng không hợp lệ",IF(COUNTIFS($A$3:$A$202,TRIM($A4),$D$3:$D$202,TRIM($D4))>1,"Trùng SPMM + địa điểm","OK"))))))))
B5: =IF(TRIM($A5)="","",IFERROR(INDEX('DM SPMM'!$B$4:$B$13,MATCH(TRIM($A5),'DM SPMM'!$A$4:$A$13,0)),"Sai mã")) | C5: =IF(TRIM($A5)="","",IFERROR(INDEX('DM SPMM'!$C$4:$C$13,MATCH(TRIM($A5),'DM SPMM'!$A$4:$A$13,0)),"Sai mã")) | E5: =IF(TRIM($D5)="","",IFERROR(INDEX('DM Địa điểm triển khai'!$B$4:$B$14,MATCH(TRIM($D5),'DM Địa điểm triển khai'!$A$4:$A$14,0)),"Sai mã")) | H5: =IF(AND(TRIM($A5)="",TRIM($D5)="",$F5=""),"",IF($B5="Sai mã","Sai mã SPMM",IF($E5="Sai mã","Sai mã địa điểm",IF(OR(TRIM($A5)="",TRIM($D5)=""),"Thiếu mã",IF($F5="","Thiếu số lượng",IF(NOT(ISNUMBER($F5)),"Số lượng không hợp lệ",IF(OR($F5<=0,$F5<>INT($F5)),"Số lượng không hợp lệ",IF(COUNTIFS($A$3:$A$202,TRIM($A5),$D$3:$D$202,TRIM($D5))>1,"Trùng SPMM + địa điểm","OK"))))))))
B6: =IF(TRIM($A6)="","",IFERROR(INDEX('DM SPMM'!$B$4:$B$13,MATCH(TRIM($A6),'DM SPMM'!$A$4:$A$13,0)),"Sai mã")) | C6: =IF(TRIM($A6)="","",IFERROR(INDEX('DM SPMM'!$C$4:$C$13,MATCH(TRIM($A6),'DM SPMM'!$A$4:$A$13,0)),"Sai mã")) | E6: =IF(TRIM($D6)="","",IFERROR(INDEX('DM Địa điểm triển khai'!$B$4:$B$14,MATCH(TRIM($D6),'DM Địa điểm triển khai'!$A$4:$A$14,0)),"Sai mã")) | H6: =IF(AND(TRIM($A6)="",TRIM($D6)="",$F6=""),"",IF($B6="Sai mã","Sai mã SPMM",IF($E6="Sai mã","Sai mã địa điểm",IF(OR(TRIM($A6)="",TRIM($D6)=""),"Thiếu mã",IF($F6="","Thiếu số lượng",IF(NOT(ISNUMBER($F6)),"Số lượng không hợp lệ",IF(OR($F6<=0,$F6<>INT($F6)),"Số lượng không hợp lệ",IF(COUNTIFS($A$3:$A$202,TRIM($A6),$D$3:$D$202,TRIM($D6))>1,"Trùng SPMM + địa điểm","OK"))))))))
B7: =IF(TRIM($A7)="","",IFERROR(INDEX('DM SPMM'!$B$4:$B$13,MATCH(TRIM($A7),'DM SPMM'!$A$4:$A$13,0)),"Sai mã")) | C7: =IF(TRIM($A7)="","",IFERROR(INDEX('DM SPMM'!$C$4:$C$13,MATCH(TRIM($A7),'DM SPMM'!$A$4:$A$13,0)),"Sai mã")) | E7: =IF(TRIM($D7)="","",IFERROR(INDEX('DM Địa điểm triển khai'!$B$4:$B$14,MATCH(TRIM($D7),'DM Địa điểm triển khai'!$A$4:$A$14,0)),"Sai mã")) | H7: =IF(AND(TRIM($A7)="",TRIM($D7)="",$F7=""),"",IF($B7="Sai mã","Sai mã SPMM",IF($E7="Sai mã","Sai mã địa điểm",IF(OR(TRIM($A7)="",TRIM($D7)=""),"Thiếu mã",IF($F7="","Thiếu số lượng",IF(NOT(ISNUMBER($F7)),"Số lượng không hợp lệ",IF(OR($F7<=0,$F7<>INT($F7)),"Số lượng không hợp lệ",IF(COUNTIFS($A$3:$A$202,TRIM($A7),$D$3:$D$202,TRIM($D7))>1,"Trùng SPMM + địa điểm","OK"))))))))
B8: =IF(TRIM($A8)="","",IFERROR(INDEX('DM SPMM'!$B$4:$B$13,MATCH(TRIM($A8),'DM SPMM'!$A$4:$A$13,0)),"Sai mã")) | C8: =IF(TRIM($A8)="","",IFERROR(INDEX('DM SPMM'!$C$4:$C$13,MATCH(TRIM($A8),'DM SPMM'!$A$4:$A$13,0)),"Sai mã")) | E8: =IF(TRIM($D8)="","",IFERROR(INDEX('DM Địa điểm triển khai'!$B$4:$B$14,MATCH(TRIM($D8),'DM Địa điểm triển khai'!$A$4:$A$14,0)),"Sai mã")) | H8: =IF(AND(TRIM($A8)="",TRIM($D8)="",$F8=""),"",IF($B8="Sai mã","Sai mã SPMM",IF($E8="Sai mã","Sai mã địa điểm",IF(OR(TRIM($A8)="",TRIM($D8)=""),"Thiếu mã",IF($F8="","Thiếu số lượng",IF(NOT(ISNUMBER($F8)),"Số lượng không hợp lệ",IF(OR($F8<=0,$F8<>INT($F8)),"Số lượng không hợp lệ",IF(COUNTIFS($A$3:$A$202,TRIM($A8),$D$3:$D$202,TRIM($D8))>1,"Trùng SPMM + địa điểm","OK"))))))))
B9: =IF(TRIM($A9)="","",IFERROR(INDEX('DM SPMM'!$B$4:$B$13,MATCH(TRIM($A9),'DM SPMM'!$A$4:$A$13,0)),"Sai mã")) | C9: =IF(TRIM($A9)="","",IFERROR(INDEX('DM SPMM'!$C$4:$C$13,MATCH(TRIM($A9),'DM SPMM'!$A$4:$A$13,0)),"Sai mã")) | E9: =IF(TRIM($D9)="","",IFERROR(INDEX('DM Địa điểm triển khai'!$B$4:$B$14,MATCH(TRIM($D9),'DM Địa điểm triển khai'!$A$4:$A$14,0)),"Sai mã")) | H9: =IF(AND(TRIM($A9)="",TRIM($D9)="",$F9=""),"",IF($B9="Sai mã","Sai mã SPMM",IF($E9="Sai mã","Sai mã địa điểm",IF(OR(TRIM($A9)="",TRIM($D9)=""),"Thiếu mã",IF($F9="","Thiếu số lượng",IF(NOT(ISNUMBER($F9)),"Số lượng không hợp lệ",IF(OR($F9<=0,$F9<>INT($F9)),"Số lượng không hợp lệ",IF(COUNTIFS($A$3:$A$202,TRIM($A9),$D$3:$D$202,TRIM($D9))>1,"Trùng SPMM + địa điểm","OK"))))))))
B10: =IF(TRIM($A10)="","",IFERROR(INDEX('DM SPMM'!$B$4:$B$13,MATCH(TRIM($A10),'DM SPMM'!$A$4:$A$13,0)),"Sai mã")) | C10: =IF(TRIM($A10)="","",IFERROR(INDEX('DM SPMM'!$C$4:$C$13,MATCH(TRIM($A10),'DM SPMM'!$A$4:$A$13,0)),"Sai mã")) | E10: =IF(TRIM($D10)="","",IFERROR(INDEX('DM Địa điểm triển khai'!$B$4:$B$14,MATCH(TRIM($D10),'DM Địa điểm triển khai'!$A$4:$A$14,0)),"Sai mã")) | H10: =IF(AND(TRIM($A10)="",TRIM($D10)="",$F10=""),"",IF($B10="Sai mã","Sai mã SPMM",IF($E10="Sai mã","Sai mã địa điểm",IF(OR(TRIM($A10)="",TRIM($D10)=""),"Thiếu mã",IF($F10="","Thiếu số lượng",IF(NOT(ISNUMBER($F10)),"Số lượng không hợp lệ",IF(OR($F10<=0,$F10<>INT($F10)),"Số lượng không hợp lệ",IF(COUNTIFS($A$3:$A$202,TRIM($A10),$D$3:$D$202,TRIM($D10))>1,"Trùng SPMM + địa điểm","OK"))))))))
B11: =IF(TRIM($A11)="","",IFERROR(INDEX('DM SPMM'!$B$4:$B$13,MATCH(TRIM($A11),'DM SPMM'!$A$4:$A$13,0)),"Sai mã")) | C11: =IF(TRIM($A11)="","",IFERROR(INDEX('DM SPMM'!$C$4:$C$13,MATCH(TRIM($A11),'DM SPMM'!$A$4:$A$13,0)),"Sai mã")) | E11: =IF(TRIM($D11)="","",IFERROR(INDEX('DM Địa điểm triển khai'!$B$4:$B$14,MATCH(TRIM($D11),'DM Địa điểm triển khai'!$A$4:$A$14,0)),"Sai mã")) | H11: =IF(AND(TRIM($A11)="",TRIM($D11)="",$F11=""),"",IF($B11="Sai mã","Sai mã SPMM",IF($E11="Sai mã","Sai mã địa điểm",IF(OR(TRIM($A11)="",TRIM($D11)=""),"Thiếu mã",IF($F11="","Thiếu số lượng",IF(NOT(ISNUMBER($F11)),"Số lượng không hợp lệ",IF(OR($F11<=0,$F11<>INT($F11)),"Số lượng không hợp lệ",IF(COUNTIFS($A$3:$A$202,TRIM($A11),$D$3:$D$202,TRIM($D11))>1,"Trùng SPMM + địa điểm","OK"))))))))
B12: =IF(TRIM($A12)="","",IFERROR(INDEX('DM SPMM'!$B$4:$B$13,MATCH(TRIM($A12),'DM SPMM'!$A$4:$A$13,0)),"Sai mã")) | C12: =IF(TRIM($A12)="","",IFERROR(INDEX('DM SPMM'!$C$4:$C$13,MATCH(TRIM($A12),'DM SPMM'!$A$4:$A$13,0)),"Sai mã")) | E12: =IF(TRIM($D12)="","",IFERROR(INDEX('DM Địa điểm triển khai'!$B$4:$B$14,MATCH(TRIM($D12),'DM Địa điểm triển khai'!$A$4:$A$14,0)),"Sai mã")) | H12: =IF(AND(TRIM($A12)="",TRIM($D12)="",$F12=""),"",IF($B12="Sai mã","Sai mã SPMM",IF($E12="Sai mã","Sai mã địa điểm",IF(OR(TRIM($A12)="",TRIM($D12)=""),"Thiếu mã",IF($F12="","Thiếu số lượng",IF(NOT(ISNUMBER($F12)),"Số lượng không hợp lệ",IF(OR($F12<=0,$F12<>INT($F12)),"Số lượng không hợp lệ",IF(COUNTIFS($A$3:$A$202,TRIM($A12),$D$3:$D$202,TRIM($D12))>1,"Trùng SPMM + địa điểm","OK"))))))))
B13: =IF(TRIM($A13)="","",IFERROR(INDEX('DM SPMM'!$B$4:$B$13,MATCH(TRIM($A13),'DM SPMM'!$A$4:$A$13,0)),"Sai mã")) | C13: =IF(TRIM($A13)="","",IFERROR(INDEX('DM SPMM'!$C$4:$C$13,MATCH(TRIM($A13),'DM SPMM'!$A$4:$A$13,0)),"Sai mã")) | E13: =IF(TRIM($D13)="","",IFERROR(INDEX('DM Địa điểm triển khai'!$B$4:$B$14,MATCH(TRIM($D13),'DM Địa điểm triển khai'!$A$4:$A$14,0)),"Sai mã")) | H13: =IF(AND(TRIM($A13)="",TRIM($D13)="",$F13=""),"",IF($B13="Sai mã","Sai mã SPMM",IF($E13="Sai mã","Sai mã địa điểm",IF(OR(TRIM($A13)="",TRIM($D13)=""),"Thiếu mã",IF($F13="","Thiếu số lượng",IF(NOT(ISNUMBER($F13)),"Số lượng không hợp lệ",IF(OR($F13<=0,$F13<>INT($F13)),"Số lượng không hợp lệ",IF(COUNTIFS($A$3:$A$202,TRIM($A13),$D$3:$D$202,TRIM($D13))>1,"Trùng SPMM + địa điểm","OK"))))))))
B14: =IF(TRIM($A14)="","",IFERROR(INDEX('DM SPMM'!$B$4:$B$13,MATCH(TRIM($A14),'DM SPMM'!$A$4:$A$13,0)),"Sai mã")) | C14: =IF(TRIM($A14)="","",IFERROR(INDEX('DM SPMM'!$C$4:$C$13,MATCH(TRIM($A14),'DM SPMM'!$A$4:$A$13,0)),"Sai mã")) | E14: =IF(TRIM($D14)="","",IFERROR(INDEX('DM Địa điểm triển khai'!$B$4:$B$14,MATCH(TRIM($D14),'DM Địa điểm triển khai'!$A$4:$A$14,0)),"Sai mã")) | H14: =IF(AND(TRIM($A14)="",TRIM($D14)="",$F14=""),"",IF($B14="Sai mã","Sai mã SPMM",IF($E14="Sai mã","Sai mã địa điểm",IF(OR(TRIM($A14)="",TRIM($D14)=""),"Thiếu mã",IF($F14="","Thiếu số lượng",IF(NOT(ISNUMBER($F14)),"Số lượng không hợp lệ",IF(OR($F14<=0,$F14<>INT($F14)),"Số lượng không hợp lệ",IF(COUNTIFS($A$3:$A$202,TRIM($A14),$D$3:$D$202,TRIM($D14))>1,"Trùng SPMM + địa điểm","OK"))))))))
... B202: =IF(TRIM($A202)="","",IFERROR(INDEX('DM SPMM'!$B$4:$B$13,MATCH(TRIM($A202),'DM SPMM'!$A$4:$A$13,0)),"Sai mã")) | C202: =IF(TRIM($A202)="","",IFERROR(INDEX('DM SPMM'!$C$4:$C$13,MATCH(TRIM($A202),'DM SPMM'!$A$4:$A$13,0)),"Sai mã")) | E202: =IF(TRIM($D202)="","",IFERROR(INDEX('DM Địa điểm triển khai'!$B$4:$B$14,MATCH(TRIM($D202),'DM Địa điểm triển khai'!$A$4:$A$14,0)),"Sai mã")) | H202: =IF(AND(TRIM($A202)="",TRIM($D202)="",$F202=""),"",IF($B202="Sai mã","Sai mã SPMM",IF($E202="Sai mã","Sai mã địa điểm",IF(OR(TRIM($A202)="",TRIM($D202)=""),"Thiếu mã",IF($F202="","Thiếu số lượng",IF(NOT(ISNUMBER($F202)),"Số lượng không hợp lệ",IF(OR($F202<=0,$F202<>INT($F202)),"Số lượng không hợp lệ",IF(COUNTIFS($A$3:$A$202,TRIM($A202),$D$3:$D$202,TRIM($D202))>1,"Trùng SPMM + địa điểm","OK"))))))))

Sheet DM SPMM
A1: DANH MỤC SẢN PHẨM MẬT MÃ
A2: Danh mục tra cứu, chỉ để xem — không sửa, không xoá sheet này. Dữ liệu cập nhật lúc: 21/08/2026 07:35
A3: Mã SPMM | B3: Tên SPMM | C3: ĐVT
A4: 0001 | B4: Thiết bị ký số USB Token | C4: Cái
A5: 0002 | B5: Thiết bị HSM cấp doanh nghiệp | C5: Bộ
A6: 0003 | B6: Phần mềm mã hóa tệp tin | C6: License
A7: 0004 | B7: Thư viện PKI SDK | C7: Bộ
A8: 0005 | B8: Thiết bị mã hóa đường truyền VPN | C8: Bộ
A9: 0006 | B9: Hệ thống quản lý khóa tập trung | C9: License
A10: 0007 | B10: Bộ sinh số ngẫu nhiên phần cứng | C10: Cái
A11: 0008 | B11: Ứng dụng OTP di động | C11: License
A12: 0009 | B12: Thiết bị OTP phần cứng | C12: Cái
A13: 0010 | B13: Hệ thống ký số tập trung | C13: License

Sheet DM Địa điểm triển khai
A1: DANH MỤC ĐỊA ĐIỂM TRIỂN KHAI
A2: Danh mục tra cứu, chỉ để xem — không sửa, không xoá sheet này. Dữ liệu cập nhật lúc: 21/08/2026 07:35
A3: Mã địa điểm | B3: Tên địa điểm triển khai | C3: Trực thuộc
A4: DD001 | B4: Cục CY BNG — Triển khai | C4: Bộ Ngoại giao
A5: DD002 | B5: Cục CY BNG — Dự phòng | C5: Bộ Ngoại giao
A6: DD003 | B6: ĐSQ Việt Nam tại Nhật Bản | C6: Bộ Ngoại giao / Châu Á
A7: DD004 | B7: TLSQ Việt Nam tại Osaka | C7: Bộ Ngoại giao / Châu Á / Nhật Bản
A8: DD005 | B8: ĐSQ Việt Nam tại Hàn Quốc | C8: Bộ Ngoại giao / Châu Á
A9: DD006 | B9: ĐSQ Việt Nam tại Pháp | C9: Bộ Ngoại giao / Châu Âu
A10: DD007 | B10: ĐSQ Việt Nam tại Đức | C10: Bộ Ngoại giao / Châu Âu
A11: DD008 | B11: TLSQ Việt Nam tại Frankfurt | C11: Bộ Ngoại giao / Châu Âu / Đức
A12: DD009 | B12: ĐSQ Việt Nam tại Hoa Kỳ | C12: Bộ Ngoại giao / Châu Mỹ
A13: DD010 | B13: TLSQ Việt Nam tại San Francisco | C13: Bộ Ngoại giao / Châu Mỹ / Hoa Kỳ
A14: DD011 | B14: ĐSQ Việt Nam tại Lào | C14: Bộ Ngoại giao / Châu Á

Sheet Hướng dẫn
B2: HƯỚNG DẪN
B3: Hướng dẫn của từng cột nằm ngay ở dòng 2 của sheet "Dữ liệu nhập". Nhập từ dòng 3 trở xuống; không xoá dòng 1 và dòng 2, không đổi tên sheet, không thêm / xoá / đổi thứ tự cột.
B5: GIẢI THÍCH CỘT KIỂM TRA
B6: Sai mã SPMM | C6: Mã vừa nhập không có trong danh mục. Mở sheet danh mục tương ứng, tìm đúng mã rồi nhập lại. Lưu ý mã có thể bị Excel cắt mất số 0 ở đầu — 0001 thành 1.
B7: Sai mã địa điểm | C7: Mã vừa nhập không có trong danh mục. Mở sheet danh mục tương ứng, tìm đúng mã rồi nhập lại. Lưu ý mã có thể bị Excel cắt mất số 0 ở đầu — 0001 thành 1.
B8: Thiếu mã | C8: Dòng đã có số lượng nhưng còn trống Mã SPMM hoặc Mã địa điểm. Nhập nốt mã còn thiếu, hoặc xoá cả dòng nếu không dùng đến.
B9: Thiếu số lượng | C9: Dòng đã có mã nhưng chưa nhập số lượng. Nhập số lượng, hoặc xoá cả dòng nếu không đề nghị cấp SPMM này.
B10: Số lượng không hợp lệ | C10: Số lượng phải là số nguyên dương. Ô này không nhận chữ, số âm, số 0 và số thập phân.
B11: Trùng SPMM + địa điểm | C11: Cặp SPMM và địa điểm này đã xuất hiện ở một dòng khác. Khi tải lên, hệ thống lấy dòng nằm DƯỚI và bỏ dòng này. Muốn xin cho nhiều mục đích thì cộng gộp số lượng vào một dòng và ghi rõ ở cột Ghi chú mục đích.
B13: LƯU Ý
B14: Cột Kiểm tra chỉ đúng tại thời điểm tải file | C14: Cột Kiểm tra đối chiếu với 2 sheet danh mục nằm trong chính file này. Nếu danh mục trên hệ thống đã thay đổi sau khi tải file, cột Kiểm tra có thể báo sai kết quả, hãy đảm bảo luôn tải file mới nhất trên hệ thống.
B15: Hệ thống vẫn kiểm tra lại | C15: Cột Kiểm tra chỉ để tự soát trước khi nộp. Khi tải file lên, hệ thống validate lại toàn bộ dữ liệu và kết quả của hệ thống mới là kết quả cuối cùng.
B16: Thiếu dòng để nhập | C16: Chèn thêm dòng như bình thường. Cột Kiểm tra sẽ không tự chạy ở dòng vừa chèn — kéo công thức từ dòng phía trên xuống là có lại. Khi tải lên, hệ thống vẫn đọc và vẫn kiểm tra đầy đủ mọi dòng có dữ liệu.
